customer_id,first_name,last_name,email,phone
1,Tammy,Wood,erinwyatt@example.com,001-376-938-4562x705
2,Jose,Shelton,pittsbrandon@example.net,+1-697-552-1450x7238
3,Christian,Turner,billrubio@example.com,999.670.8680x7962
4,Guy,Obrien,rodneycrane@example.com,451.231.1201x7788
5,Adrian,Copeland,kenneth54@example.com,998.268.4923x534
6,Douglas,Young,yward@example.com,7854207863
7,Sarah,Stanley,nicholas02@example.com,582.470.8699
8,Christine,Oneill,pittmanashley@example.com,(795)486-3694x1778
9,Travis,Merritt,gbriggs@example.com,001-921-927-6679
10,Nicholas,Reyes,khankeith@example.net,936.551.0843x4318
11,Brooke,Moreno,kelseygarcia@example.org,+1-429-623-5327x34243
12,Charles,Davis,taylorchristopher@example.org,001-787-664-9773x629
13,Brenda,Clark,rlewis@example.com,439.858.0159
14,Pamela,Navarro,lisa87@example.org,+1-932-775-5026x901
15,Jeffrey,Hardy,leemichelle@example.net,497.344.2464x894
16,Erik,Bailey,brady26@example.com,(904)478-1850x747
17,Kelly,Scott,uharris@example.com,272-746-8708
18,Charles,Craig,tommymartin@example.net,746-607-1391x433
19,Kimberly,Kim,lwerner@example.org,394.430.8549x7010
20,Christopher,Reynolds,treynolds@example.com,+1-201-580-8213
21,George,Stanley,sheliatran@example.org,707.238.0262
22,Devon,Scott,jessica12@example.org,3847440657
23,Maureen,Davis,monicaflores@example.com,+1-233-270-9973x1134
24,Kelly,Wall,carl06@example.com,(893)835-3206x7193
25,Jessica,Johnston,jessicagilmore@example.net,001-705-218-7250x9123
26,Alicia,Phillips,kramerjamie@example.com,645-346-9841x177
27,Krista,Jones,elogan@example.com,(661)793-0126
28,Michelle,Rodriguez,philipcollins@example.org,500-595-6571x966
29,David,Cruz,qburke@example.com,(249)398-9945
30,Angela,Bradley,jamesgreen@example.com,358-688-2514
31,Brent,Dawson,richardphillips@example.org,8124682937
32,John,Gillespie,melinda83@example.net,963.737.2602x8063
33,Patrick,Nguyen,melanieburton@example.com,001-402-448-4888x5078
34,Susan,Mcintyre,jeffreymartinez@example.net,777-997-6629x9179
35,Dustin,Clark,whoward@example.com,(742)761-2408x1381
36,Micheal,Farmer,hroy@example.org,(327)371-3333x53638
37,Martha,Castaneda,melindawilliams@example.org,507.801.7854
38,Felicia,Lyons,cookandrew@example.org,(759)320-3036
39,Elizabeth,Lutz,drewbuckley@example.org,(882)580-8343x3669
40,Isabel,Whitehead,uvaughn@example.com,(428)743-2435x165
41,Leslie,Mccall,robert15@example.org,001-799-262-5264x979
42,Jennifer,Price,donna70@example.org,7364240251
43,Ricardo,Armstrong,allenrobert@example.com,+1-347-738-4066x08639
44,Mark,Martinez,kevinporter@example.com,794-974-4792x4223
45,Tammy,Johnson,theodorecharles@example.com,710-637-5058
46,Jose,Fisher,craigmccarthy@example.net,001-667-502-3682x09969
47,Robert,Ayers,davidjones@example.org,(999)757-5379
48,George,Mitchell,brookserica@example.com,7608683694
49,Alan,Mcdaniel,qmitchell@example.net,6439198525
50,Peter,Kemp,amullen@example.net,8254381852
51,Linda,Aguirre,leemichael@example.com,871.327.6847x88546
52,Dennis,Davis,yramirez@example.org,975-237-2486x0183
53,Sergio,Myers,alexishunter@example.net,001-700-952-6346x76000
54,Juan,Mason,qdavis@example.net,(236)891-6084x944
55,Brittany,Clark,michael51@example.org,447.301.3486x4251
56,Andrew,Brown,carolmartin@example.net,(805)747-9300
57,Christopher,Lopez,htorres@example.com,650.936.1147x56739
58,Cody,Rivas,hudsonlarry@example.com,296.322.2649
59,Kathryn,Martin,barnestroy@example.org,001-759-957-2960
60,Shirley,Cohen,sarahquinn@example.org,(829)269-0743x310
61,Jeffrey,Mccoy,gregoryhunt@example.com,707.965.6551x07165
62,Jackie,Gregory,roberta28@example.org,+1-849-637-6385x4999
63,Shirley,Crosby,mcgeedaniel@example.net,001-285-386-6677x078
64,Cindy,Webster,donna91@example.com,991.221.6644x2420
65,Jeffery,Donovan,lcunningham@example.org,001-508-799-5961
66,Christine,Tyler,denisemoore@example.net,+1-789-232-9134x34511
67,Kim,Dominguez,anthony97@example.com,001-260-915-9175x4461
68,Sara,Davis,sjacobson@example.org,(576)325-5622x1514
69,Kenneth,Wright,wrightjoanna@example.org,+1-733-365-1726
70,Debra,Brown,nschultz@example.com,001-969-813-1564x3085
71,Martin,Allison,hbarton@example.org,001-494-875-1200x07836
72,Amanda,Rodriguez,melindajohnson@example.net,931-244-8134x3253
73,Lynn,Miller,joshua03@example.com,490-951-1740
74,Daniel,Adams,murphysean@example.org,001-463-400-4906x111
75,David,Lopez,arnoldisaac@example.net,7095881912
76,Samuel,Pacheco,jeremiah61@example.org,348.592.9803
77,Ashley,Smith,jamesdonna@example.org,(221)738-0856
78,Alexis,Jackson,wheelermatthew@example.org,001-616-565-8205x1310
79,Ashley,Dixon,andrea70@example.org,(942)673-7376x3366
80,Bryce,Gonzalez,deckerrachel@example.com,(554)384-6593x4909
81,Jonathan,Bates,ashleynixon@example.org,2043326892
82,Joshua,Cortez,matthew70@example.net,(553)603-7346
83,Anna,Hernandez,gbrooks@example.org,(463)932-3053x02198
84,Amanda,Fernandez,laurastewart@example.org,(866)992-8588
85,Cynthia,Chavez,morriscynthia@example.com,653.759.7287
86,John,Nelson,daviddavidson@example.net,+1-539-657-5543x911
87,Jennifer,Reed,theresa02@example.org,566.724.0038x358
88,Melody,Ramirez,sarah38@example.org,+1-229-434-2608
89,Douglas,Pittman,jessica53@example.net,660-756-5031
90,Jeffery,Burnett,georgerobert@example.net,(239)298-3946
91,Kathleen,Prince,erichorton@example.com,6144262385
92,Melissa,Livingston,charlespowers@example.com,510.940.0260
93,Cathy,Shelton,howardamanda@example.com,001-457-621-7953x73770
94,Katrina,Kennedy,vmcguire@example.com,(840)845-4128
95,Lisa,Lawson,seanwhite@example.org,(896)269-9613
96,Emily,Matthews,marcusburke@example.net,964.915.7872x42996
97,Jose,Nash,samantha98@example.net,+1-315-202-5211x273
98,Jason,Hobbs,jking@example.com,529.212.8893x83085
99,Megan,Farley,kevin39@example.net,001-509-609-1225x4296
100,Jennifer,Martinez,trevoranderson@example.net,587-370-7931
101,Adrienne,Lopez,edwardscolleen@example.com,9276198982
102,Michelle,Whitaker,adam69@example.com,(764)630-1669
103,Cynthia,Chang,tpacheco@example.org,988-736-6649x953
104,Jay,Hendrix,allenwilson@example.com,777.807.8311x6770
105,Ashley,Little,sara87@example.com,+1-605-863-9951
106,Rachel,Smith,earl46@example.net,001-310-231-7193x6854
107,Sarah,Garcia,sherry46@example.com,001-680-451-5259x423
108,Patricia,Olson,bkelley@example.net,(703)477-6265
109,Gary,Torres,eyates@example.org,4458156515
110,Ryan,Strickland,lholloway@example.com,9676290919
111,Pamela,Chang,padillaelizabeth@example.org,4376917322
112,Jimmy,Garcia,davissydney@example.org,001-721-279-6297
113,Derek,Lee,bponce@example.org,(289)640-0732
114,Cynthia,Stanley,qhenderson@example.net,257.379.9922
115,Samantha,Sanchez,hermantimothy@example.net,4032313930
116,Nancy,Patrick,gabriellehernandez@example.org,001-887-683-4404
117,Michael,Hernandez,bradleydixon@example.net,489.659.1430x04925
118,Paul,Ward,nelsonstacy@example.net,412-757-7980x912
119,Laura,Oconnor,keithhumphrey@example.com,8485857286
120,Chad,Pierce,salinasjoshua@example.com,645.516.0492x8124
121,Kendra,Jordan,watsonnathan@example.org,+1-750-226-8612x5384
122,Kayla,Morales,tanya85@example.com,(735)658-7075
123,Clifford,Wilcox,nelsonmichael@example.net,001-934-521-6571
124,Vickie,Nunez,sarah26@example.com,(707)860-2380x3347
125,Carolyn,Lee,yjames@example.com,(870)817-2387x51359
126,Steven,Craig,jeffrey20@example.org,001-912-267-5910x2118
127,Ashley,Cook,taylorjessica@example.com,(385)731-3602
128,Wayne,Graves,susan32@example.com,(910)881-9344x808
129,Donald,Jones,floresmarvin@example.net,510-884-2817x96199
130,Anthony,Miller,zprice@example.com,(682)747-8990
131,Anna,Mccarthy,brownvicki@example.org,(994)730-0845x285
132,Douglas,Smith,amysmith@example.net,339.676.3719x0021
133,Nicole,Smith,gary72@example.com,+1-933-218-0434x074
134,John,Smith,dhahn@example.org,917-828-6727x4661
135,Robert,Schaefer,reynoldsnicole@example.net,+1-510-519-7128x062
136,Brian,Collins,lchang@example.org,001-222-523-5318x0638
137,Sandra,Taylor,saranavarro@example.org,+1-933-691-6191
138,Michael,Zamora,mhayden@example.net,+1-985-572-1323x6964
139,Evelyn,Vaughn,paulacampbell@example.net,(817)405-9642
140,Jacob,Sanchez,colleenball@example.net,976-754-2507x32937
141,Robert,Stuart,jeffrey34@example.com,543.398.4125x7410
142,Kendra,Stephens,aanderson@example.com,+1-683-451-8766x477
143,Crystal,Campbell,andrewcruz@example.org,926-397-6911x836
144,Kelly,Perry,kacosta@example.net,+1-608-705-1611
145,Elaine,Barker,mariaparker@example.org,(827)434-9307x7979
146,Amber,Cervantes,uarmstrong@example.com,9396594642
147,Marie,Hayes,brookschristopher@example.net,(976)773-2465
148,Jennifer,Woods,cesar44@example.com,(953)810-3836x696
149,Amber,Brown,burtonrobert@example.org,+1-719-246-9771
150,Lori,Mcknight,cjohnson@example.org,988.391.8504
151,Courtney,Romero,holly92@example.org,+1-222-825-3195x937
152,Devin,Hernandez,vdeleon@example.com,990-674-8375
153,Marcus,Pham,gmorrison@example.org,+1-808-706-7316x060
154,Morgan,Snyder,kristen16@example.org,660-990-1185x242
155,Jacqueline,Gibson,choicaroline@example.net,001-604-752-5489x55044
156,Beth,Morgan,rodgersjerry@example.org,969.343.1655x6890
157,Steven,Herrera,thompsonrobert@example.net,(803)263-5853
158,Drew,Abbott,carlos92@example.com,001-988-864-8338x3669
159,Dillon,Doyle,eallen@example.org,(226)831-9505x4966
160,Stephen,Cisneros,kevinmoore@example.org,973-997-1514
161,Brett,Garrett,freese@example.org,+1-678-910-2327
162,William,Bush,sday@example.net,376-207-3682x878
163,Kelly,Lewis,josephbrowning@example.org,213.947.3932
164,Steven,Reyes,wallacekaitlin@example.net,001-262-255-5194x8402
165,Jose,Brown,alexanderweaver@example.net,(405)773-2595x6855
166,Jean,Lambert,stewartbrittany@example.net,915.331.3531
167,Colton,Cisneros,gonzalezwendy@example.org,341-978-1446
168,Karina,Moore,taylorjames@example.net,436.319.8220x43459
169,Elizabeth,Moore,michelechavez@example.org,8908474369
170,Kevin,Burton,jmyers@example.net,(344)221-6639
171,Dennis,Farrell,annajones@example.net,8494000339
172,Jeffrey,Travis,tyrone39@example.net,616.209.3376x8607
173,Tina,Ellison,millerheather@example.com,001-353-877-5385x88047
174,Dean,Black,brittany90@example.com,+1-891-282-0292x06650
175,Lynn,Cummings,scottrobert@example.org,272-825-6335
176,Christine,Boyd,jeffkent@example.net,(584)588-3274x588
177,Shawn,Ruiz,asullivan@example.org,001-914-975-7663x652
178,Sophia,French,kentponce@example.com,+1-408-416-5718x0068
179,Jonathan,Wells,simmonscrystal@example.com,(801)652-6937
180,Steven,Smith,gardnerkevin@example.org,5436724579
181,Sandra,Taylor,caleb44@example.net,348-303-5236x69550
182,Austin,Pitts,tommysingleton@example.net,204-786-6551x0351
183,Judith,Randolph,fitzpatrickjulie@example.org,(530)207-7772x898
184,Jason,Burton,phillipgriffin@example.net,535-504-3792
185,Joshua,West,mercedesadams@example.org,659-716-9880x8799
186,Kenneth,Ramirez,shepherdcarol@example.org,752.738.3648x254
187,Stephen,Bender,srobinson@example.com,(357)501-7100x55561
188,Mackenzie,Alexander,briananderson@example.org,210-934-2408x450
189,Austin,Aguirre,cervantesjessica@example.net,+1-992-702-0134x868
190,Aaron,Raymond,uacosta@example.com,(399)389-0482
191,Daniel,Brown,orobinson@example.com,473-937-8081x926
192,Candice,Yu,pburns@example.org,+1-609-243-0724x296
193,Theresa,Richards,amy50@example.org,(910)673-0245
194,Gregory,Morrow,bbeck@example.org,+1-899-763-1318x0298
195,Rebecca,Jackson,djohnson@example.net,729.542.7980
196,Sean,Morales,hawkinsnichole@example.com,541-764-7140
197,Brendan,Wolfe,cristiangreen@example.com,979-821-6118
198,Erica,Boyle,melvinfoster@example.net,7952622381
199,Miranda,Mason,taylor89@example.org,3809153224
200,Samantha,Patel,michael19@example.org,775.290.4166x64458
201,Alyssa,Harrell,patrick08@example.org,4874891088
202,Carla,Robinson,lmelendez@example.com,+1-503-844-2462x8584
203,Joseph,Malone,melissarussell@example.net,496-662-7602x96695
204,Steven,Jackson,alexandrabell@example.com,001-805-896-6318
205,Cynthia,Fuller,jesus30@example.org,(978)546-3275x80673
206,Cassandra,Mosley,drichards@example.org,001-788-839-1027x7933
207,Michelle,Adams,alvarezscott@example.com,403-707-5484
208,Melissa,Ramos,alfred67@example.net,808-388-1178x5835
209,Robert,Morales,michaelwilliams@example.com,(530)807-2325
210,James,Cline,ianlee@example.org,3039882785
211,Savannah,Perez,uwells@example.net,855.724.0052x04780
212,Stephanie,Taylor,matthewrosario@example.org,+1-800-597-0876x83753
213,Jessica,Graham,davidtorres@example.com,001-402-507-6202x55082
214,James,Boyd,yolanda03@example.net,224-486-6652x5985
215,Donald,Clark,russellsmith@example.org,001-727-361-9623x603
216,David,Edwards,millsbrianna@example.com,001-862-242-2471
217,Michelle,Wells,fostermelanie@example.net,(936)955-9572
218,Evelyn,Cole,amanda08@example.net,378.340.7905
219,Emma,Williams,gregory25@example.net,691.969.3728x53940
220,Emily,Lindsey,washingtonpatricia@example.net,001-886-934-4377
221,Kimberly,Bruce,fpowell@example.com,001-573-613-5221x25865
222,Thomas,Lowe,marcpatton@example.net,(958)478-9914x5926
223,Dennis,Ochoa,shorttammy@example.com,001-716-521-7869
224,Charles,Jones,ugates@example.com,001-847-640-8818
225,Brian,Rodriguez,ele@example.org,292.414.8993x232
226,Thomas,Phillips,watsonalicia@example.net,(746)284-5168x6064
227,Cindy,Frederick,kyle20@example.org,(433)461-2736
228,Nicholas,Tran,hjenkins@example.org,503.416.5710
229,Daniel,Reyes,aguilarcheyenne@example.org,637.600.3740x271
230,Jennifer,Le,robert33@example.org,(702)570-4730
231,Lance,Alvarado,jhubbard@example.org,330-918-0903x11662
232,Felicia,Wiley,jbrown@example.com,(697)233-0218x908
233,Sarah,Russell,fnovak@example.com,392-317-9604x316
234,Jennifer,White,shenry@example.org,(841)482-6986x2451
235,Kimberly,Mclaughlin,hmorrow@example.net,+1-632-235-6241x7597
236,Guy,Ford,hardinsarah@example.org,+1-534-737-6357x52099
237,Kevin,Dudley,craigacosta@example.org,699-468-9881x824
238,Mitchell,Anderson,hwilliamson@example.net,202-732-9334x7505
239,Hannah,Dunn,rojasmercedes@example.com,829.757.0389x6488
240,Jeremy,Berry,hebertlisa@example.com,+1-932-760-7240x9701
241,Jared,Watson,pwilson@example.net,906-501-1933
242,Samuel,Roberson,jennifer67@example.net,451-566-9220x4287
243,Steven,Moore,rgeorge@example.com,447.237.6113
244,Aaron,Cochran,nancymedina@example.net,001-869-452-0375
245,Sherry,Murphy,doyleann@example.com,(576)855-8923x87653
246,Daniel,Pitts,doughertyalexandra@example.net,467-709-4008x33975
247,Stephanie,Perez,bpeterson@example.org,001-543-313-9521x679
248,Cassandra,Smith,ystewart@example.net,+1-229-373-1680x4678
249,Christopher,Moore,sandrapayne@example.com,443.460.9063
250,Jamie,Ramos,riggsmallory@example.net,001-406-258-2443x892
251,Sharon,Moore,khorton@example.com,+1-262-856-7721
252,Jeffrey,Riley,mike75@example.org,(471)701-3976x333
253,John,Todd,amberdeleon@example.org,001-546-958-1595x5144
254,Vincent,Sanchez,gaynathan@example.com,387-933-2808x82418
255,Laura,Rhodes,padillaamber@example.net,001-319-267-8656x37915
256,Samantha,Perry,owilson@example.org,223-864-6813x386
257,Shawna,Abbott,david11@example.com,528-659-5858
258,Jennifer,Church,andersonelizabeth@example.com,(719)454-0762
259,Lauren,Gonzales,jennymorse@example.org,(281)789-0219x041
260,Kevin,Whitehead,jessicacurry@example.net,001-221-710-4761x5733
261,Donald,Cook,andrew87@example.org,646-248-7410x4382
262,Robert,Oneill,sheryl46@example.org,+1-772-696-4399x0196
263,George,Baker,ballen@example.com,331.272.1018x212
264,Mary,Dyer,walkerspencer@example.net,(481)888-9327x08302
265,Angela,Pollard,adrienne91@example.com,(561)652-8794x3830
266,Amber,Reed,samantha17@example.org,(768)613-3638x20979
267,Christopher,Preston,uallen@example.net,(450)250-2385x65349
268,Jordan,Maynard,donna76@example.net,513.752.9543
269,Gregory,Mccoy,taylordevin@example.net,001-993-402-6245x034
270,Jeremy,Dawson,troy83@example.net,657-583-9792
271,Kathy,Benson,karen85@example.org,(789)710-4404x90666
272,Janice,Pineda,matthew69@example.net,783-500-9003
273,Edward,Glover,lisa32@example.com,(443)248-5801
274,Eric,Burke,kstewart@example.net,(315)644-6388x71762
275,Calvin,Flynn,jameslee@example.com,989.501.7057
276,Joseph,Turner,walter69@example.com,790.343.0734x6509
277,Jessica,Davila,jcallahan@example.org,985-289-9096
278,Steven,Baker,ronaldkennedy@example.com,765.248.3645x499
279,Tanya,Fuentes,johnlee@example.com,906.893.5868x57518
280,James,Sloan,velasquezjason@example.net,001-572-334-8312
281,Sean,Wright,harrisjohn@example.net,(931)764-6867x1128
282,Jacob,Cole,shannonpatrick@example.net,001-221-832-6865x190
283,Emily,King,bakerjoanne@example.net,001-941-339-4672x1084
284,Frank,Harrell,michael89@example.org,001-491-457-2116
285,Raymond,Diaz,luishuerta@example.com,001-601-580-0473x544
286,Kimberly,Cortez,kristina36@example.org,001-606-306-4512x16703
287,Erin,Jimenez,jtaylor@example.org,3749324082
288,Ryan,Nguyen,zacharylarson@example.org,(744)521-1381
289,Oscar,Tran,christian10@example.com,501.676.2009
290,Jeff,Carroll,colemichael@example.net,+1-209-410-9446x6328
291,Dave,Blackwell,ryan99@example.net,879.284.0469x91851
292,Chloe,Shaffer,david83@example.net,276.648.1814x4847
293,John,Morgan,robertfitzpatrick@example.org,(877)449-0902x16472
294,Michelle,Roberts,oaustin@example.org,+1-259-906-9702
295,Cristina,George,jessicaburke@example.net,589.627.6681x5801
296,Sherry,Williams,heathertrevino@example.net,758.896.4238x88721
297,Ronald,Phillips,xosborne@example.com,9028706731
298,Janet,Martinez,jessica03@example.com,001-700-325-2775x1382
299,Frederick,Burns,katiealexander@example.net,(531)739-9073x943
300,Matthew,Moreno,sarah57@example.net,001-435-212-7849
301,Mackenzie,Parker,joseph01@example.org,285-506-5003
302,Xavier,Monroe,gmoon@example.org,8446605635
303,Jill,Chen,richardfox@example.org,957-943-7510
304,Taylor,Huang,marcuspeters@example.org,+1-611-309-6976
305,Madison,Dyer,zrichardson@example.org,(759)637-0771x4819
306,Maurice,Hughes,jjuarez@example.net,+1-478-213-4880x4485
307,Gregory,Wilson,imartin@example.org,727-381-4823x699
308,Brandon,Clark,joypowell@example.org,+1-594-833-9190
309,Cynthia,White,hornstephen@example.net,(645)620-7930x787
310,Carrie,Murray,john18@example.org,2316114764
311,Justin,Yates,whitecorey@example.net,537.910.4663x249
312,Steve,Little,nsimmons@example.com,(206)201-0212x7706
313,Richard,Smith,april07@example.net,(594)800-7903x537
314,Jared,Watkins,rojasleroy@example.net,(367)958-1688x7962
315,David,George,robinsonrobin@example.net,362-615-5148x1387
316,April,Reed,rodriguezamy@example.net,(312)983-4658x73551
317,Joshua,Kelly,anthonyjustin@example.net,001-674-895-3877
318,Keith,Bautista,davidthomas@example.net,684-239-7649x7718
319,Joshua,Bryant,sandraphillips@example.net,(701)275-5708x640
320,Aaron,Garcia,tbrown@example.com,001-819-657-1939x775
321,Janet,Goodman,noah43@example.com,(699)433-8876x466
322,Jason,Baker,raymondparrish@example.org,737.788.9725
323,Stacy,Curry,josetorres@example.org,+1-626-796-3276x72014
324,Christopher,Freeman,amoore@example.org,253.431.7552x35815
325,Julie,King,michaelstanley@example.com,+1-463-450-4230x6187
326,George,Jones,sarah58@example.net,+1-865-472-6498x826
327,Stacy,Mills,lowerypamela@example.com,734.839.9881x67361
328,Paul,Graham,whitejacqueline@example.org,743-926-9034x184
329,Katherine,Williamson,drewfoster@example.com,+1-663-696-8575x78668
330,Patricia,Hughes,jamesnoble@example.net,(648)940-3080x7892
331,Kimberly,Freeman,sonyasanders@example.org,001-440-741-6349x88159
332,Kevin,Watkins,ocruz@example.org,+1-839-970-2733
333,Hailey,Stewart,andrea69@example.com,219.730.0815x818
334,William,Collier,acoleman@example.com,476.866.9290
335,Sherri,Anderson,phawkins@example.org,945-325-6441x3795
336,Jessica,Hanson,joanturner@example.net,467.387.5328x070
337,Aaron,Schneider,anitajohnson@example.com,609.541.7669x93166
338,Martha,Green,andrew06@example.net,001-242-845-5918x394
339,Teresa,Acosta,pthomas@example.net,+1-326-643-1481x93342
340,Michael,Jackson,arroyoalexis@example.org,(860)254-6217
341,Timothy,Smith,morganwarren@example.org,+1-989-654-3372x88693
342,Maria,Chavez,kleinsarah@example.com,+1-359-648-5034
343,Jill,Scott,samuel01@example.com,(351)681-0390x84218
344,Emily,Valdez,kfrost@example.net,284-556-6558
345,Nathan,Greene,qsmith@example.com,001-865-339-7865
346,Timothy,Moss,gregorypreston@example.org,001-909-522-5112x7944
347,Sharon,Chandler,deborahsteele@example.org,9574812989
348,Daniel,Simmons,jacqueline29@example.net,923-739-0385x31243
349,Stephanie,Watts,maddoxkevin@example.net,001-452-274-4274x8613
350,Suzanne,Robbins,grimesjoseph@example.com,+1-263-898-0632x0483
351,Heather,Moran,tinaconley@example.com,405-352-9387x033
352,Jenna,Schmidt,maurice61@example.org,+1-749-867-4823x4627
353,Gregory,Bridges,johnsonstephen@example.net,640.889.6844x915
354,Melissa,Lee,burchdaniel@example.org,(476)570-4895x8922
355,Lori,Hernandez,owilson@example.net,(255)936-8268x073
356,Larry,Fuller,todd40@example.org,(467)359-2953x99750
357,Jason,Davis,jordanlynn@example.net,+1-771-820-6150x256
358,Daniel,Townsend,gmacdonald@example.net,(302)308-8469x80854
359,Tina,Morris,caitlinnichols@example.net,(308)386-2020x2079
360,Jonathan,Phillips,nguyennicole@example.net,(272)935-8031x846
361,Amber,Wagner,ithomas@example.org,(462)867-8684x2872
362,Sarah,Carr,xdavies@example.org,+1-566-605-5615x162
363,Elizabeth,Martinez,richardgreen@example.com,603.279.5528x9410
364,Amy,Wu,ysantos@example.com,+1-250-586-4273
365,Mary,Farley,oschultz@example.net,001-578-773-9947
366,Carolyn,Quinn,stephaniejohnson@example.com,334-295-4960x29628
367,James,Freeman,brittanyfowler@example.net,632.515.1033x809
368,Timothy,Anderson,stephanie49@example.com,960-324-0222x690
369,James,Day,ebuchanan@example.com,3677183310
370,Daniel,Roberts,josephholloway@example.net,(590)314-4793x29976
371,Stephen,Kirby,nataliecampbell@example.com,434-639-7070x363
372,Nicholas,Patterson,yhuber@example.org,766-897-6081x850
373,Benjamin,Cook,holly70@example.com,001-835-596-6252x604
374,Jonathan,Price,knoxsusan@example.net,(804)742-5919
375,Alicia,Flores,james69@example.org,001-344-217-3778x23373
376,Jessica,Lewis,mendezrobin@example.com,+1-675-678-9557x54475
377,Tina,Mills,clarkejorge@example.com,(413)829-3822x958
378,Clifford,Adams,erin53@example.com,796.257.4478x0058
379,Amy,Gonzalez,alyssa83@example.org,5879925375
380,Bryan,Jones,michaeltaylor@example.net,323.567.0437x52084
381,Rodney,Moreno,maria47@example.com,(407)458-1295x562
382,Paul,Medina,deborahwood@example.com,2134403065
383,Philip,Gibson,davisjulie@example.com,001-747-299-3099x5708
384,Tabitha,Yates,dylanbullock@example.net,+1-316-576-6003x62051
385,Tyler,Davis,davidsolis@example.org,001-941-284-0662x59751
386,Nicole,Jones,chansharon@example.net,(437)693-3839x9010
387,John,Jackson,mackryan@example.com,001-638-478-7126x642
388,Sharon,Smith,uyoung@example.net,347.462.3407x17646
389,Anthony,Munoz,wernermonique@example.org,+1-778-507-8091x354
390,Thomas,Chen,mbrennan@example.com,250-868-9934
391,Daniel,Griffin,shawgail@example.com,7684108791
392,Gregory,Gay,brittanyyu@example.net,473-674-3255x338
393,John,Rivera,ucampbell@example.com,+1-496-252-6010x617
394,Andrea,Nguyen,thomastony@example.org,+1-802-669-4825x487
395,Alexander,Phillips,ronald55@example.com,+1-616-695-3436x3449
396,Shannon,Johnson,isampson@example.org,+1-320-612-3943
397,Sandra,Williams,simsjohnny@example.net,272-640-7359
398,Willie,Stewart,jlopez@example.org,462.483.4384
399,Rebekah,Myers,paul55@example.net,+1-540-238-0063
400,Ashley,Chandler,sharprebecca@example.net,001-786-705-3249x0240
401,William,Jones,nicolecrawford@example.com,340-424-9592
402,Margaret,Henderson,janeburgess@example.com,001-235-756-8371x1286
403,Theresa,Alvarado,harperleslie@example.com,(555)920-3378
404,Sean,Sloan,breweradrian@example.org,(473)423-6255x463
405,Kyle,Cardenas,ryan76@example.net,001-742-556-1780
406,Melissa,Anderson,renee12@example.org,6232746755
407,Nancy,Nelson,destrada@example.com,429.486.4462
408,Timothy,Ray,erica86@example.com,935.804.0043x670
409,Tiffany,Love,michael16@example.com,549-933-7368x122
410,Amy,Reed,patricia66@example.net,452.784.2985
411,Kristopher,Singh,dcarter@example.org,913.776.0126x383
412,Michael,Scott,kellygeorge@example.com,(275)214-1760x408
413,Carl,Faulkner,jeff14@example.org,2779462182
414,Charles,Perez,howard61@example.com,(364)687-0347
415,Eric,Dixon,thomas76@example.com,262.201.1989x21569
416,Michael,Wilson,douglas99@example.net,323-804-3240x73637
417,David,Bowen,hopkinsjames@example.net,787.792.4845
418,Amanda,Humphrey,staceymoyer@example.net,785-817-8010x285
419,Christopher,Martinez,rodriguezlisa@example.com,794-793-1564
420,Sara,Cook,mccalllinda@example.com,829-896-7994x714
421,Andrew,Malone,christian32@example.org,(586)769-5464
422,James,Perez,carsonconnor@example.org,816.816.7452x5155
423,Jessica,Peters,riceroy@example.com,376-328-1990x7632
424,Sarah,Coleman,jamesnelson@example.org,557-906-4791x4439
425,Kayla,Kennedy,megan70@example.org,+1-980-805-9930x44662
426,Brent,Johnson,johnsonmichael@example.com,001-979-285-2932
427,Lori,Davidson,angie98@example.com,(702)661-4706x992
428,Joan,Sutton,darrellcarey@example.com,315-859-4237x85533
429,Michelle,Clark,nnelson@example.org,(238)258-7001x28900
430,David,Garner,ujohnson@example.com,+1-998-324-5588x25143
431,Thomas,Hester,cwallace@example.net,(467)398-8074x75973
432,Nicholas,Smith,joshuasimmons@example.org,785-289-4672x8816
433,Amber,Porter,elizabeth72@example.org,506.304.9270x9222
434,Christopher,Callahan,brian86@example.org,402.717.4587x5851
435,Samantha,Duncan,qshaffer@example.com,697.673.8011
436,Claudia,Flynn,lstevens@example.org,(658)282-0035x34674
437,Elizabeth,Gomez,daniellegilmore@example.net,001-502-642-4654x328
438,Kristi,Mullen,jogonzalez@example.com,001-224-505-8245x9362
439,Patricia,Campbell,kristin05@example.com,406.881.4552
440,Daniel,Rivera,hparker@example.org,001-725-450-5499x225
441,Lindsey,Taylor,sgray@example.org,(274)286-1760
442,Victoria,Martinez,candice00@example.org,609.711.6565x93420
443,Amanda,Collier,mmarshall@example.net,(913)229-2912
444,Susan,Stafford,jessica06@example.net,001-982-206-5093x6007
445,Teresa,Sutton,aprilthompson@example.net,001-800-860-6966
446,Leslie,Oneill,stephanie04@example.net,+1-777-364-4297
447,Darin,Moore,sethcarrillo@example.org,001-430-530-5622x9738
448,Tricia,Campos,joannerogers@example.org,679-653-8571x09910
449,Zoe,Smith,murphyjennifer@example.com,001-357-743-6793x587
450,Brian,Cooper,lee76@example.org,+1-668-564-4229
451,Sydney,Erickson,imurillo@example.net,257.577.6845x616
452,David,Ross,walter06@example.org,(558)599-5947
453,Zachary,Cowan,karen74@example.net,863-890-1682x069
454,Caroline,Landry,vanessawiggins@example.net,300-267-6899x420
455,Carrie,Bell,katietorres@example.org,001-841-652-8324x511
456,Carrie,Kim,qlester@example.net,(381)201-8860x700
457,Valerie,Wood,jblake@example.com,9265617022
458,Tricia,Torres,lhall@example.com,001-321-553-1384x96797
459,Patrick,Watson,christopher52@example.com,+1-980-975-6299x6475
460,Lynn,Bender,nfox@example.net,900-944-2026
461,Rachel,Sanders,watsonkeith@example.net,+1-607-544-9717x0479
462,Katherine,Park,catherinebright@example.org,001-663-963-2541x6675
463,Patty,Brown,lisa99@example.com,001-605-892-4880x9023
464,Dean,Hill,brettclark@example.net,331.891.6104x0635
465,Paul,Mitchell,andrewbyrd@example.com,(667)802-0586x553
466,Phillip,Morgan,slarson@example.org,3746016223
467,Carol,Cruz,zachary33@example.net,694.229.6768x14619
468,Heather,Diaz,patrick71@example.net,364-370-7773x578
469,David,Mayo,fieldsjohn@example.com,8482373166
470,Kevin,Collier,iramirez@example.com,571.759.7813
471,Gregory,Brown,jennifer60@example.com,001-270-709-8085x930
472,Bethany,Patterson,susan35@example.com,+1-426-490-1334x7910
473,Lauren,Morgan,kristinelucas@example.org,(837)513-2948x28263
474,Kenneth,Fitzgerald,crobinson@example.org,001-777-329-5469x181
475,Sara,Brown,wcampbell@example.net,+1-471-395-1822
476,Joel,Hartman,evansbrandy@example.net,+1-853-214-8423x7418
477,Richard,Vang,tsellers@example.net,644.534.7390x1236
478,Mark,Ross,wwebb@example.com,525-948-2037x1294
479,Megan,Evans,lisa63@example.net,001-726-812-0895x35280
480,Karina,Knapp,longruth@example.com,822-587-7318x5189
481,John,Sanchez,jenniferfrank@example.net,422-449-3465
482,Kimberly,Berger,fwilliams@example.org,+1-688-841-0048
483,Travis,Williams,erik72@example.com,816-949-2562
484,Tammy,Watkins,frances74@example.org,+1-777-701-8079x38118
485,Todd,Burns,brownbrandon@example.com,6113918350
486,Carlos,Gordon,larsonjoanne@example.com,852.935.4189
487,David,Crawford,haydentroy@example.net,747.495.0194
488,Andrew,Wheeler,dalvarez@example.org,+1-424-497-5095
489,Anthony,Warner,randy90@example.com,284-245-1031
490,Jennifer,Gutierrez,logan92@example.com,+1-455-965-8152x8764
491,Carol,Armstrong,tonygreene@example.org,+1-698-745-0126
492,Robert,Miller,wardlarry@example.net,(926)388-0954
493,Heather,Tucker,thomas24@example.com,001-206-568-7831x503
494,Norman,Oneal,aguilarmatthew@example.org,001-672-710-3341x7041
495,Rachel,Carrillo,pkelly@example.net,487-582-7655x7163
496,Aaron,Craig,herreramichael@example.com,674-967-8255
497,Jay,Johnson,theresajones@example.net,2782713230
498,Taylor,Martin,theresa58@example.net,(590)352-4249
499,Robert,Ross,tsmall@example.org,790.941.3340x7764
500,Mike,Gates,wrightjulia@example.org,(212)500-1913x3386
